Avg_TCP_transmition,Avg_RTT,Avg_TP,MSISDN/Number
641157423284.7352,3033113.2359543424,832626680.0,19727
191475493090.38718,735741.741631481,73815132.0,9395
186582302387.63928,1043816.5231141789,89018073.0,8904
171563885706.91336,917579.3758604092,68145840.0,8993
112152550871.2013,702387.9444109342,76077278.0,6279
104013271153.4455,504845.76942601387,57611989.0,4977
94983823115.81784,552962.5802625611,61721810.0,4464
93168536205.21355,438956.84555283195,31972066.0,5165
92610116020.43617,311853.2031013708,62149259.0,4556
81428128730.02185,422667.860723339,17090119.0,3675
74520367656.04597,336063.6058229106,56873654.0,3806
71799559165.7151,478701.46528612013,31588639.0,3700
65283368879.13622,416904.98486052494,17535500.0,3456
61740043821.377945,410989.6690037855,35211815.0,3171
60230295321.39165,205141.4396720079,39193861.0,3013
54522453287.140686,343061.7353129125,64208823.0,2074
54386422265.70073,319706.49876019626,25246567.0,2571
46031397612.17316,276419.3973591043,23243349.0,1939
38711348411.94761,165161.23689255462,17185873.0,2176
37812999881.63452,254190.41694072375,18886142.0,2012
35014118742.95263,219473.99495948193,29939656.0,1857
34979306848.56446,214755.73153252396,10656769.0,1624
34663709074.11846,114653.08212346911,21614791.0,1475
30079894033.54138,114657.6734052783,9818395.0,1296
28846359225.094215,88584.27890627141,19228780.0,1317
28495780199.453102,162432.70152172865,17895855.0,1364
27558220645.597282,170580.26848539693,8562817.0,1069
25508731502.082844,190350.24385014828,18689057.0,1279
25233236647.8916,108340.17498492042,17514064.0,960
24670051540.38727,120521.93809236579,5862518.0,996
23830841444.28322,127658.95578794167,15872679.0,1141
23713349559.41946,114986.87618473159,9843517.0,1235
22514165641.62795,77400.27890627141,19080597.0,1255
16375147954.03617,120975.49905938309,13188521.0,925
15966624754.023674,68184.73531291251,4224428.0,389
15819918546.378397,97982.61655608304,4714508.0,712
13799645635.786547,86965.59444109343,6992056.0,835
13514859555.364359,62751.548329880374,1690195.0,552
13080620372.549799,80479.58054382699,7476832.0,748
12863129931.849113,88627.61339679881,10595709.0,675
12481353466.548588,170705.21983600396,8622716.0,861
12054910782.828796,92553.47884354819,9259400.0,759
11042294087.54337,28836.828174363814,1625100.0,220
10549188386.87095,46110.453569274345,7455764.0,626
9589580827.506117,54447.837652216505,2760832.0,358
9461081588.871305,59398.078964184875,6409859.0,586
8946272563.336622,101282.76626672961,5123483.0,525
8719686891.20195,50124.87618473158,6383717.0,516
7882405732.359932,31681.710677663865,1347788.0,231
7875058324.054245,74258.45356927435,7573910.0,447
6253315311.930039,36692.76626672961,5808315.0,350
6089437265.512348,32621.656348727633,2593876.0,142
6068544104.166692,36079.47694439347,2776554.0,287
5548170885.543678,13349.828174363816,1086440.0,132
5280998317.919073,42792.14435302079,3119204.0,308
5231366559.392283,18443.23689255462,4005615.0,138
4815901672.311618,26830.0,3300125.0,268
4593881458.730687,22976.312697455265,3219660.0,325
4540044163.046176,14102.14087181908,2198030.0,194
4510423296.213082,27959.797220546712,1579439.0,229
4259484214.7581377,60418.969046182894,2970357.0,199
4247630023.595777,22936.797220546712,3978622.0,153
4143502723.4652457,32790.28806220662,2305179.0,224
3971221492.230279,1699.828174363816,271885.0,10
3709264386.9894376,1590.625394910529,74389.0,13
3566594959.86376,2566.656348727632,346364.0,57
3529880987.883103,42492.48452309145,7557340.0,227
3498366992.9106965,24745.58370311122,1254819.0,207
3354127970.7426744,16340.969046182896,1810178.0,167
3255714899.2397723,19901.0,1086425.0,101
3200737891.33952,16409.969046182898,2634376.0,208
3160220629.4282064,79869.59444109343,337053.0,202
3141440304.4436693,76515.28174363816,233115.0,187
2993782050.0144897,24495.828174363814,1147457.0,202
2979593184.166597,10004.484523091449,2072406.0,172
2935575055.1405716,19826.656348727633,1640562.0,198
2927297097.7170053,9939.656348727633,2171128.0,171
2908871537.921116,5931.656348727633,227020.0,25
2869501766.1362877,1786.0,405050.0,24
2852561403.0830727,6962.704359095403,1100677.0,57
2822433230.925756,24331.473785109243,1310908.0,164
2730253933.574296,30196.14087181908,2016897.0,210
2672778725.2560434,19548.656348727633,28799.0,168
2615732585.275291,35814.997162633255,3507633.0,186
2539627541.555001,5075.312697455264,1448561.0,101
2504121447.38667,21667.969046182898,1326274.0,147
2405024045.47576,21342.87934401582,2383044.0,156
2390564153.8207984,13492.0,1096375.0,163
2379957309.271863,7134.828174363816,491235.0,101
2371400292.6700687,6444.0,119396.0,10
2278216476.4855623,30007.828174363814,2965310.0,193
2211175093.3500347,8624.828174363816,1320500.0,129
2136738095.1095498,9907.656348727633,1077217.0,106
2123045779.2915146,23230.484523091447,1659910.0,200
2120106264.1823688,31590.48452309145,597016.0,84
2087173439.7742658,4191.0,810114.0,34
2083498855.1454248,22424.828174363814,2123896.0,149
2069241309.1982837,14774.109918001977,2170977.0,139
2036918242.9057002,12140.86228746515,1233472.0,107
1972014111.360597,21940.684465177987,1050252.0,140
1970897596.5228624,20554.828174363814,533377.0,57
1947131564.0257645,8295.484523091449,2482430.0,124
1875181728.0306654,11416.625394910528,1489836.0,128
1828891628.37606,14132.346810556599,1260647.0,116
1811101319.7063477,4327.0,649079.0,59
1788943367.5493395,6796.0,2702639.0,116
1706846972.4292276,1102.0,361719.0,14
1688933151.3334072,46570.969046182894,793383.0,136
1683259544.0570471,30750.19994208654,199828.0,76
1669059764.099296,2989.656348727632,422745.0,21
1651707521.8479404,9903.656348727633,1891396.0,114
1638794469.2450774,20951.828174363814,3605037.0,138
1637318601.319369,5528.0,29578.0,4
1598836147.821511,14573.346810556599,1203621.0,98
1592325233.549648,9536.0,175298.0,20
1576565492.9788756,2956.8281743638163,187806.0,30
1573593480.7743134,29007.312697455265,192945.0,91
1536183315.7059915,31808.48452309145,2095685.0,132
1510599217.5550008,10242.828174363816,1643885.0,99
1504612188.05179,11905.828174363816,1354596.0,113
1487044705.046485,13084.422615457243,1683971.0,94
1443985407.198236,8377.752369463173,707896.0,75
1391522028.7486444,5812.656348727633,1292474.0,78
1355210661.658794,7885.0,3219150.0,105
1350520709.0993438,5482.1408718190805,1121798.0,90
1265640435.2559958,26273.312697455265,378047.0,75
1222079414.3506997,939.0,48423.0,4
1209846421.7214546,23372.828174363814,1028605.0,94
1209557394.9309654,46181.312697455265,1120395.0,114
1153202759.747884,9983.656348727633,1731762.0,91
1138145153.57006,30417.484523091447,219193.0,87
1100646401.6750174,25243.828174363814,743832.0,78
1096495425.8795793,390.0,25729.0,6
1044388770.418309,10421.0,532957.0,65
1042405746.5802659,7370.656348727633,1203788.0,81
1000442254.8999913,9802.0,976268.0,52
995247505.9313217,8454.856290814172,422158.0,48
923574345.1936913,17627.484523091447,127180.0,53
916393554.8792231,5722.735312912506,816199.0,46
900271409.2827815,2340.8281743638163,691174.0,44
888317057.418309,27276.93809236579,1170291.0,75
883453183.4024419,6588.656348727633,1119442.0,46
815274552.2876824,7751.828174363816,1257840.0,44
814985771.2978884,18442.14087181908,358818.0,56
811774203.8271246,8392.828174363816,393496.0,43
781957309.8637599,3522.8281743638163,1027769.0,53
777981343.2299227,7374.484523091449,966167.0,50
767542879.4186653,4072.656348727632,404802.0,26
759887881.0155109,21922.312697455265,222746.0,48
738705892.4397897,899.8281743638161,23.0,3
731421723.8373305,2324.4845230914484,718608.0,40
724744101.3341198,24221.312697455265,1102628.0,81
702322770.7637036,10063.828174363816,446344.0,58
693872340.4175488,27143.828174363814,632760.0,74
687608469.7539016,3089.8281743638163,781244.0,38
675467899.7482404,11992.828174363816,914325.0,59
661210794.7380344,5007.0,804080.0,39
660158205.3873348,24035.828174363814,127673.0,36
657124961.853554,4487.484523091448,351967.0,36
646332442.8690172,3474.8281743638163,139708.0,18
644237228.3190129,2343.0,713554.0,41
637431645.0471976,8015.0,108588.0,11
625913687.2461461,7122.312697455264,42973.0,28
625623821.1827251,11127.828174363816,334415.0,36
619903330.5492917,6730.0,541950.0,49
617081804.1408324,8651.0,410903.0,48
596130953.4186653,2955.0,29029.0,25
591949193.7904892,1428.0,21582.0,5
574847575.554953,9195.828174363816,1164919.0,50
567895604.2876824,13342.0,619905.0,47
554773113.1408324,2698.0,741507.0,38
507164776.4397897,3305.0,28024.0,6
506585968.1151633,1304.0,219839.0,28
497645265.2091545,12761.312697455265,207965.0,31
485056749.6176138,6428.0,761879.0,48
480566654.2091545,3929.0,190350.0,33
470125131.0887339,13611.828174363816,15715.0,36
464915700.88978535,2977.0,612889.0,33
464375694.848249,1532.0,12116.0,6
455934720.00530493,11621.0,794718.0,36
455284684.5285236,3869.656348727632,510797.0,44
453846018.0,35.0,966.0,1
443711187.7957942,1970.0,427873.0,31
439712028.44509465,4306.1408718190805,342880.0,31
438971032.26691425,16246.0,133396.0,34
424613865.5855232,5334.656348727633,802059.0,41
422365907.8271246,1696.0,526396.0,30
416101202.0,38.0,37603.0,1
415485669.6489442,11996.828174363816,438945.0,44
415428314.1619569,7590.0,225340.0,25
401461384.03663534,2798.0,387600.0,27
398586582.7485966,5777.0,11359.0,19
397435747.09929615,8140.828174363816,89094.0,24
388268123.44433445,10293.0,685073.0,36
385595616.50775546,3082.656348727632,532671.0,28
380515097.09929615,4930.828174363816,392025.0,25
379310535.79503393,5327.0,1270805.0,45
379205143.9475452,14348.0,408412.0,25
372602339.47642505,2165.938092365793,213441.0,20
364707556.31936914,754.0,39064.0,7
358112315.8006952,6815.828174363816,1229515.0,43
355740928.04153633,11243.0,408975.0,24
352952379.69649804,6258.0,15067.0,16
344102847.62817603,5058.1999420865395,1042701.0,31
338940830.1827251,10838.828174363816,630074.0,36
336834747.36090547,4011.0,421318.0,27
336229582.711605,7067.828174363816,232739.0,25
336031264.06796575,4569.1408718190805,183877.0,24
335294705.5334246,9458.312697455265,840926.0,41
333833643.50775546,2570.938092365793,130678.0,21
324434022.1570559,1245.0,333745.0,20
324160978.1827251,14468.828174363816,727806.0,30
322303826.8006952,18904.0,428034.0,25
321377954.0102059,9657.0,347509.0,20
320573442.8376868,6215.0,186790.0,23
320437797.09929615,1334.0,169603.0,21
319226668.04153633,6703.828174363816,339099.0,31
317297022.9788755,2367.8281743638163,156438.0,25
308144090.48132604,2964.0,405203.0,22
308042670.7485966,3352.4845230914484,219502.0,20
302880025.8320256,4174.0,1383498.0,36
299131597.0102059,4718.0,373119.0,26
292504610.1883863,10395.828174363816,249424.0,26
290168271.04153633,2281.0,385485.0,26
286119657.3665667,3613.8281743638163,49309.0,22
284621535.44999564,1908.7972205467127,277858.0,21
283101535.25104713,9958.0,39673.0,18
271583718.39789706,1953.0,526887.0,16
265511733.2774765,2345.0,90736.0,15
262555398.6595064,1174.0,286189.0,25
259380114.3088069,3038.8281743638163,132530.0,27
258501404.51831767,7133.828174363816,92842.0,16
257632530.57041624,2567.0,859451.0,28
255241742.3978971,1954.0,235636.0,15
254074511.95810738,4051.8281743638163,307416.0,19
251859243.2823775,1880.0,543295.0,21
248513949.39223588,3507.0,659751.0,24
247856645.98943776,657.0,264059.0,13
247703885.86901718,3307.0,251787.0,19
247261429.3088069,11513.0,155989.0,18
246703205.87957942,2219.0,110417.0,5
246512724.10985836,4345.0,35712.0,11
244734403.3088069,3092.1408718190805,407202.0,16
243311317.8376868,8954.0,62322.0,16
241136614.6595064,1851.0,287757.0,15
239965130.92677698,1576.0,368758.0,16
239410495.21971673,1322.0,268511.0,19
237234646.2510471,6391.0,1304.0,17
232823212.77992702,1263.6563487276321,370349.0,15
228366971.77992702,1213.0,923680.0,17
226971183.31936914,2404.8281743638163,32408.0,8
223464880.3401373,2054.0,644734.0,21
223445151.3088069,1852.828174363816,393006.0,16
221171885.3978971,893.8281743638161,74725.0,14
213815434.51265645,4552.0,266302.0,21
212797926.07852796,3638.0,352265.0,15
212286663.77992702,1237.828174363816,424321.0,14
211269555.22461772,3246.0,482802.0,17
210458267.42922747,7924.828174363816,18746.0,17
208213471.4397897,1312.0,17403.0,3
200166697.02076817,3114.8281743638163,10117.0,10
199634889.95810738,819.0,231308.0,15
198085541.63873824,532.0,132668.0,9
197787933.31936914,8890.0,44395.0,8
197235121.77992702,774.0,88310.0,12
197069525.77992702,1863.828174363816,44919.0,13
193604134.10985836,9648.0,32794.0,11
192853009.51831767,3495.0,175014.0,13
182992326.3401373,4555.0,360062.0,17
181257677.72782844,983.8281743638161,213237.0,12
181162474.98943776,725.0,142473.0,14
179986902.3401373,11030.0,75976.0,11
177615693.8112574,1525.0,400528.0,18
175195524.9003476,4505.656348727633,76161.0,16
174520181.98943776,894.6563487276322,91955.0,13
171649337.9109098,1067.0,29620.0,4
170592301.07852796,442.0,17111.0,9
169805377.98943776,4322.828174363816,67244.0,12
168710434.9686696,901.0,23755.0,4
168331769.63873824,1459.1408718190805,111979.0,11
165601947.07852796,7176.0,231562.0,15
162357537.98943776,3183.8281743638163,137420.0,15
161778064.98943776,11415.0,152731.0,17
161372550.19894853,1478.3126974552645,6396.0,9
159244324.07852796,791.0,233437.0,11
158151194.10985836,628.0,150882.0,11
155536370.87957942,2615.0,3824.0,5
155509182.1932873,2656.0,377384.0,16
155262521.63873824,3044.656348727632,683.0,10
155180015.84824902,15770.0,54802.0,11
154390452.9003476,4467.828174363816,206463.0,14
153442764.67006865,8476.828174363816,19998.0,14
153050149.98943776,4432.0,82916.0,10
152775385.98943776,782.0,245498.0,10
152692773.98943776,1284.0,96854.0,13
152616002.4397897,1056.0,54812.0,4
152422910.98943776,712.0,157123.0,11
151145068.46055788,21044.0,84980.0,11
150791991.16761816,760.4845230914483,213155.0,9
147733381.02076817,2369.8281743638163,184254.0,21
145592940.54964808,1624.0,26364.0,14
145389536.37146768,983.0,104577.0,13
143393778.14118874,3316.0,124623.0,10
142536770.19894853,1559.828174363816,28456.0,10
140672791.10985836,859.0,117909.0,13
140598561.19894853,1486.0,283332.0,13
138964751.46055788,5310.0,127286.0,15
138843000.46055788,1561.0,158979.0,12
136416978.54964808,1643.0,110759.0,13
135451032.37146768,799.0,29852.0,11
135372916.46055788,470.0,122257.0,9
134794482.49188828,1536.0,1416925.0,13
133876354.63873824,6687.0,26106.0,10
133548947.63873824,876.0,43374.0,7
132832607.54964806,1462.0,238666.0,11
131179517.63873824,973.1408718190805,1869.0,10
130708913.10985836,2948.0,176571.0,10
130662481.54964806,2436.8281743638163,7971.0,7
129893972.63873824,349.0,55878.0,6
129721388.93167798,1181.828174363816,658520.0,18
129694148.75915883,3153.4845230914484,216690.0,9
129635869.72782844,6301.828174363816,259992.0,9
127258449.58097845,1572.0,218579.0,12
126582732.75915883,3498.0,197004.0,8
125436973.02076817,3215.8281743638163,99929.0,10
123837405.28803873,3091.0,3186.0,8
123519041.10985836,998.0,298999.0,12
123280251.31936912,712.0,167963.0,7
122999925.19894855,311.0,53880.0,6
122885396.7534976,6603.0,201395.0,15
120350475.75915883,688.0,73071.0,7
119068220.8425878,1068.0,328672.0,17
118858065.28803873,1623.828174363816,2829.0,7
118612782.02076817,2287.8281743638163,22547.0,9
118565823.10985836,2580.3126974552647,256341.0,10
118268731.93167798,2555.0,66391.0,11
117019578.28803873,3923.0,142514.0,9
115879107.67006865,1358.0,252580.0,10
115301131.31936912,208.0,576.0,5
115232656.67006865,1305.0,98686.0,13
114162770.23027894,1837.0,76275.0,5
114012860.43978971,10676.0,97381.0,5
113240608.10985836,1862.0,244903.0,12
111760544.75915883,2875.0,3794.0,7
110587214.87957942,1269.0,1132.0,4
110309097.87957942,582.0,149349.0,7
109971901.10985836,1186.1408718190805,3097.0,7
109603723.79048923,831.0,188523.0,5
109518087.10985836,593.0,280010.0,9
109355253.19894855,663.0,36889.0,6
109048648.35069951,1375.0,1603.0,3
109010160.10985836,4542.0,22275.0,6
108843094.19894855,835.8281743638161,40525.0,7
108783989.19894855,3813.0,132375.0,9
108776219.19894855,980.8281743638161,71843.0,6
107809692.43978971,601.0,503.0,2
105914692.75915883,418.65634872763223,156239.0,6
105241077.0,360.0,27843.0,3
104683448.75915883,9545.0,291769.0,7
102309207.75915883,1343.0,286087.0,15
101711591.58097845,1728.0,52078.0,9
101295188.31936912,779.8281743638161,162071.0,11
101123674.75915883,8218.0,7372.0,7
100486003.84824902,1275.0,29335.0,5
100240369.87957942,593.0,56813.0,4
99110241.67006865,13043.0,104506.0,14
97908865.75915883,926.0,123888.0,7
96828128.58097847,505.0,326946.0,8
95951201.75915883,467.0,173461.0,7
95934608.75915883,742.9690461828966,532.0,6
95379427.87957942,707.0,4922.0,3
95274195.31936912,6737.828174363816,71331.0,6
95080493.67006865,959.0,105432.0,7
94736602.49188827,485.0,166543.0,9
93594413.49188827,502.0,252386.0,9
93061072.26160935,1021.8281743638161,89459.0,7
92928601.84824902,4742.0,69499.0,8
92477874.05209857,957.0,104739.0,7
92184537.67006865,3442.0,18985.0,6
92035073.58097847,1063.0,255335.0,13
91906286.23027894,912.0,127595.0,8
90864249.84824902,441.65634872763223,112185.0,5
90649710.0,710.8281743638161,20636.0,3
89302613.67006865,4681.0,10392.0,7
88412230.75915883,2054.0,43506.0,8
88381760.58097845,434.8281743638161,65430.0,6
88310074.75915883,344.6282322772769,33810.0,5
88233954.75915883,2064.0,73232.0,7
88135160.58097845,353.0,164023.0,6
87988447.75915883,360.0,73476.0,6
87529463.84824902,770.0,23338.0,9
87464225.75915883,1240.0,23307.0,6
87363389.67006865,938.0,12093.0,5
87361254.67006865,243.0,26559.0,5
87228137.05209857,4397.0,140747.0,10
87157706.84824902,1046.828174363816,11817.0,5
87097940.84824902,1446.0,30580.0,5
87035179.75915883,363.0,53945.0,7
86795109.75915883,1621.0,74578.0,7
86700278.75915883,802.8281743638161,81112.0,7
86632160.75915883,486.0,138880.0,5
86610632.75915883,546.0,86092.0,5
86601671.75915883,9894.0,57430.0,5
86595981.75915883,1768.0,83505.0,4
86595981.75915883,757.0,114788.0,4
86595981.75915883,352.0,34637.0,4
86014806.87957942,712.8281743638161,18996.0,4
85832130.84824902,6090.0,27108.0,4
85802654.31936912,951.8281743638161,125723.0,8
85651014.31936912,2612.0,22558.0,7
85352486.23027894,734.0,74744.0,8
83412310.79048923,886.8281743638161,46390.0,9
81690135.43978971,170.0,111177.0,3
81059386.31936912,2750.8281743638163,8009.0,6
79196953.31936912,387.8281743638161,101777.0,6
79018884.31936912,1137.0,7745.0,5
78052479.4084593,1838.0,34637.0,7
76123340.87957942,677.0,36429.0,5
75736050.69573781,1461.828174363816,248766.0,13
75694370.31936912,1279.0,32493.0,7
75255983.31936912,1097.0,59195.0,5
75125799.96300837,2999.0,279474.0,14
74693820.14118876,613.0,66886.0,8
74167372.31936912,2253.0,26786.0,7
73882872.31936912,1133.0,2781.0,4
73848337.23027894,4007.0,63714.0,7
73497170.23027894,3530.0,71955.0,7
73370233.23027894,2042.0,2499.0,7
72956623.14118876,3313.8281743638163,40382.0,9
71254974.23027894,731.0,112601.0,8
71117112.31936912,557.4845230914483,126089.0,6
70756733.31936912,223.0,84960.0,6
70308057.43978971,275.0,10882.0,4
70037853.23027894,2111.0,189551.0,8
69964726.23027894,1657.0,63172.0,6
69445405.23027894,905.0,16007.0,6
69234394.31936912,498.0,35695.0,4
68993889.31936912,1282.828174363816,33194.0,5
68974029.05209857,3138.8281743638163,290754.0,16
68848969.23027894,1033.828174363816,102383.0,8
68168537.23027894,574.0,27206.0,7
68013810.23027894,449.0,43385.0,6
67959154.31936912,179.0,69778.0,4
67842807.79048923,417.0,113666.0,4
67796221.31936912,2731.0,69.0,4
67559013.4084593,300.0,38403.0,4
67549190.31936912,405.0,153677.0,5
67465066.23027894,5912.0,146025.0,12
67122373.31936912,614.8281743638161,1776.0,4
66959554.141188756,2271.0,57043.0,5
66809222.31936912,2484.0,213.0,5
66545713.141188756,2378.0,153025.0,5
66513313.31936912,2209.0,210608.0,8
66430605.31936912,923.0,18908.0,4
66285086.31936912,1392.0,12032.0,5
66234749.23027894,1843.0,6250.0,6
66100263.23027894,2609.0,232030.0,10
66086230.31936912,1398.0,19487.0,4
65995395.31936912,6113.828174363816,11177.0,4
65925348.23027894,464.0,100009.0,4
65835920.23027894,1025.0,15362.0,4
65834112.23027894,1294.0,9708.0,4
65733624.23027894,301.0,183254.0,5
65721934.31936912,338.0,37496.0,5
65572007.31936912,6744.0,168.0,4
65516147.31936912,495.3126974552644,14.0,4
65490480.31936912,1681.828174363816,8854.0,4
65354810.31936912,670.0,176133.0,6
65188518.40845931,214.0,60053.0,5
65144947.31936912,748.0,90900.0,5
65053796.31936912,198.0,1530.0,4
64947411.31936912,1225.0,37840.0,4
64946986.31936912,147.0,73171.0,3
64946986.31936912,1209.0,4866.0,3
64946986.31936912,316.8281743638161,70810.0,3
64946986.31936912,1885.0,6332.0,3
64946986.31936912,1162.0,234.0,3
64946986.31936912,111.0,67610.0,3
64946986.31936912,1026.0,25886.0,3
64946986.31936912,259.0,144115.0,3
64946986.31936912,1252.0,28403.0,3
64946986.31936912,1415.0,88701.0,3
64946986.31936912,200.0,4244.0,3
64946986.31936912,282.0,36196.0,3
64828180.40845931,1201.0,38780.0,5
64705888.87957942,537.8281743638161,3642.0,6
64239745.40845931,524.0,148829.0,4
64185228.40845931,369.8281743638161,22401.0,3
64181956.40845931,366.0,1607.0,3
63828082.79048923,485.8281743638161,57957.0,4
62277377.43978971,753.0,61548.0,3
62012130.43978971,178.82817436381612,3694.0,2
60058236.87957942,599.6563487276322,19104.0,6
59444239.35069952,339.0,135619.0,5
58811499.87957942,1825.0,112671.0,6
58445447.79048923,264.0,84628.0,4
57383921.87957942,1663.0,780.0,4
57093628.43978971,1409.0,11.0,2
56179371.87957942,322.0,1445.0,3
55406165.35069952,6939.0,146.0,4
55393379.87957942,737.0,4713.0,4
55255202.79048923,792.0,30119.0,5
53891740.87957942,112.0,18943.0,3
53457862.43978971,634.0,1114.0,2
52291199.87957942,354.0,64754.0,3
52274381.79048923,814.0,107804.0,9
52105074.87957942,2530.0,214084.0,7
51198127.79048923,3829.0,18789.0,5
50702017.79048923,252.0,81059.0,5
49176459.79048923,3718.0,19964.0,4
48902617.87957942,2702.0,7817.0,3
48878166.0,887.0,82935.0,5
48283817.79048923,728.0,144201.0,6
48220061.87957942,3067.0,4905.0,5
47793866.87957942,266.8281743638161,86612.0,3
47646359.87957942,709.8281743638161,14415.0,4
47291086.87957942,492.0,153327.0,5
47012121.79048923,464.0,196812.0,8
46875741.96866961,749.0,1712.0,3
46567396.87957942,270.0,102314.0,4
46335616.87957942,2062.0,162.0,4
46226268.91090982,1960.828174363816,135510.0,7
46204844.70139904,839.0,99693.0,5
46182669.87957942,241.0,76017.0,3
46028721.87957942,251.0,110862.0,4
45838725.70139904,286.0,66627.0,6
45760980.87957942,2692.8281743638163,315.0,4
45656304.87957942,540.0,32565.0,4
45581210.79048923,545.0,73908.0,5
45579790.87957942,788.0,2658.0,4
45532959.87957942,689.0,30533.0,3
45486637.70139904,1357.0,68884.0,5
45221324.87957942,382.0,107559.0,4
45164278.43978971,813.0,1366.0,3
45131869.70139904,494.65634872763223,30752.0,5
45125198.87957942,798.0,72779.0,5
44854123.70139904,7699.0,2497.0,5
44836993.87957942,295.0,242851.0,4
44834248.96866961,1185.0,61449.0,4
44831772.87957942,1356.0,58769.0,5
44695338.79048923,399.65634872763223,1776.0,5
44693877.87957942,103.0,78995.0,3
44410095.87957942,288.0,16791.0,3
44280839.87957942,3049.0,607.0,4
44234772.79048923,412.0,32470.0,3
44182018.87957942,1614.0,10608.0,3
44164986.790489234,251.82817436381612,58176.0,4
44161626.79048923,488.0,96766.0,3
44136256.0,536.0,43401.0,3
44127296.790489234,339.0,34475.0,4
44121906.79048923,875.0,8408.0,4
44117194.790489234,176.0,1597.0,4
44092673.790489234,370.0,62663.0,3
44087170.87957942,369.8281743638161,34544.0,3
44064503.79048923,425.0,50618.0,3
44064465.79048923,176.0,64918.0,3
44063192.79048923,840.0,31437.0,3
44017039.87957942,567.0,133.0,3
43974990.87957942,369.0,43416.0,6
43974464.87957942,224.82817436381612,132094.0,4
43930081.87957942,1404.0,957.0,3
43764225.0,54.0,67151.0,1
43744365.87957942,375.0,125267.0,4
43705311.87957942,491.0,8840.0,3
43632254.96866961,642.0,31416.0,4
43626007.87957942,138.0,50346.0,3
43563707.87957942,820.0,769.0,3
43524279.87957942,488.0,135210.0,4
43491855.87957942,210.0,76667.0,3
43469403.87957942,180.0,70222.0,4
43376964.87957942,143.0,52797.0,3
43348780.87957942,498.0,6312.0,3
43348708.87957942,125.0,275.0,3
43335164.87957942,610.0,14783.0,3
43313843.87957942,244.0,10267.0,4
43302460.87957942,732.0,34199.0,3
43297990.87957942,243.0,55170.0,2
43297990.87957942,260.0,30169.0,2
43297990.87957942,158.0,2792.0,2
43297990.87957942,352.0,3154.0,2
43297990.87957942,481.0,63132.0,2
43297990.87957942,160.0,71281.0,2
43297990.87957942,249.0,33665.0,2
43297990.87957942,1084.0,3405.0,2
43297990.87957942,465.0,5350.0,2
43297990.87957942,149.0,13880.0,2
43297990.87957942,254.0,89760.0,2
43297990.87957942,110.0,89876.0,2
43297990.87957942,840.0,4481.0,2
43297990.87957942,178.0,28974.0,2
43297990.87957942,539.0,45151.0,2
43297990.87957942,188.82817436381612,11004.0,2
43297990.87957942,459.0,159.0,2
43297990.87957942,262.0,47014.0,2
43297990.87957942,391.0,23804.0,2
43297990.87957942,87.0,25118.0,2
43297990.87957942,1697.828174363816,164.0,2
43297990.87957942,91.0,24566.0,2
43297990.87957942,545.0,24435.0,2
43297990.87957942,958.0,12960.0,2
43297990.87957942,136.0,72305.0,2
43297990.87957942,158.0,9820.0,2
43297990.87957942,263.0,15275.0,2
43297990.87957942,2803.0,1366.0,2
43297990.87957942,90.0,168623.0,2
43297990.87957942,1217.0,766.0,2
43297990.87957942,777.0,142.0,2
43297990.87957942,5556.0,19093.0,2
43297990.87957942,784.0,67594.0,2
43297990.87957942,239.0,18774.0,2
42710579.96866961,620.0,84739.0,4
42657367.43978971,2028.0,6705.0,3
42554140.96866961,688.0,883.0,2
42543181.96866961,174.0,80446.0,2
42540825.96866961,286.0,2129.0,2
42535351.96866961,72.0,11465.0,2
42534175.96866961,196.0,84188.0,2
42534139.96866961,138.0,59667.0,2
41972015.43978971,545.0,4202.0,3
41410348.43978971,363.0,134783.0,4
40681116.43978971,611.0,81539.0,6
40345246.0,766.0,85600.0,3
39977844.43978971,209.0,25660.0,3
39785570.26160933,386.0,174750.0,8
39140463.91090982,275.0,31251.0,3
38391000.0,522.8281743638161,50772.0,4
37934759.528879896,94.0,887.0,2
36251076.43978971,142.0,34844.0,3
36186077.0,247.6563487276322,11.0,2
35568487.43978971,170.82817436381612,26826.0,2
35568155.35069952,335.0,45801.0,6
35263545.43978971,71.0,12271.0,2
35186137.0,173.0,97351.0,1
34684034.43978971,1054.0,37029.0,4
34175342.43978971,245.0,61439.0,3
33394051.261609334,811.8281743638161,15097.0,4
33177564.43978971,454.0,5881.0,2
32719060.0,230.0,10962.0,1
32056960.261609334,288.0,93409.0,4
31787414.0,79.0,20192.0,1
31773875.0,142.0,23518.0,1
31754708.43978971,535.0,4876.0,2
31649873.43978971,130.0,38697.0,2
31584735.0,179.0,182.0,1
31295451.43978971,2590.0,444.0,3
30996390.821819626,849.0,136158.0,6
30924958.910909813,125.0,16599.0,3
30083592.43978971,435.0,71628.0,3
30064180.0,148.0,159418.0,3
30019344.43978971,442.0,7873.0,2
29824903.43978971,239.0,2780.0,2
29151026.43978971,662.0,80300.0,3
28897650.43978971,156.0,191246.0,3
28815857.43978971,499.0,15590.0,3
28514749.261609334,405.65634872763223,39905.0,4
28443507.35069952,524.0,60955.0,5
28343549.43978971,1702.0,229424.0,6
27660293.172519147,2225.0,64333.0,7
27427682.43978971,3136.0,9753.0,4
27148051.43978971,623.0,1286.0,2
27065683.43978971,140.0,14969.0,2
27064131.43978971,483.0,11966.0,2
27058410.0,54.0,38.0,1
26868796.0,306.0,255.0,1
26845779.43978971,285.0,2970.0,2
26732367.43978971,90.0,21374.0,2
26704492.43978971,205.0,9161.0,4
26500302.35069952,1499.0,64214.0,3
26417710.43978971,423.0,26330.0,2
26390630.261609334,1094.828174363816,16381.0,5
26026701.43978971,573.0,6638.0,2
25956384.43978971,681.0,16247.0,2
25744513.261609334,2046.828174363816,60667.0,6
25696949.35069952,561.0,29889.0,4
25576998.0,175.0,541.0,1
25463225.43978971,210.0,38276.0,2
25259830.43978971,101.0,89269.0,2
25246927.43978971,110.0,35437.0,2
25159292.43978971,84.0,16262.0,2
25012366.43978971,921.0,20590.0,4
24820152.35069952,241.82817436381612,78810.0,4
24815763.43978971,506.0,39219.0,3
24796254.08342896,1389.0,119366.0,5
24748032.0,305.0,534.0,1
24626270.43978971,495.3126974552644,15.0,4
24602451.261609334,2231.8281743638163,46168.0,7
24446602.43978971,584.8281743638161,56639.0,4
24444521.35069952,286.0,89319.0,3
24426925.35069952,2550.0,1897.0,3
24390323.35069952,335.0,12199.0,3
24370568.43978971,147.0,20894.0,2
24270056.43978971,377.0,3465.0,3
24125388.43978971,3315.0,19348.0,2
24059978.43978971,339.0,976.0,2
24030974.43978971,331.0,88711.0,4
23979942.43978971,4370.0,62627.0,3
23824915.43978971,139.0,46705.0,3
23822832.43978971,81.0,352.0,2
23786730.43978971,569.0,42401.0,2
23775756.43978971,529.0,4047.0,2
23643707.528879896,587.0,18925.0,2
23583241.261609334,379.0,54090.0,5
23377984.261609334,267.0,74974.0,4
23328730.528879896,3968.0,41262.0,4
23318205.43978971,1042.0,13378.0,2
23219444.261609334,628.0,141086.0,4
23195329.261609334,782.0,54065.0,3
23152228.43978971,1493.0,73148.0,3
23098643.35069952,368.0,94334.0,4
23022785.43978971,147.0,77040.0,3
22913535.43978971,142.0,103300.0,2
22864533.43978971,728.0,59747.0,2
22831737.43978971,1683.0,151.0,2
22770875.35069952,358.0,17892.0,2
22748782.43978971,327.8281743638161,116.0,2
22708121.43978971,2742.0,10365.0,3
22666252.35069952,781.0,41856.0,4
22640932.43978971,409.8281743638161,72328.0,3
22597951.35069952,636.0,82233.0,3
22565415.35069952,346.0,96258.0,3
22531937.35069952,154.0,70645.0,2
22524341.43978971,346.8281743638161,2178.0,2
22484313.43978971,267.0,14593.0,2
22480560.35069952,714.0,50592.0,2
22470751.35069952,447.8281743638161,2197.0,2
22453228.35069952,99.0,20836.0,2
22452576.35069952,293.0,60921.0,3
22442827.35069952,5740.0,7341.0,3
22437626.0,123.8281743638161,25.0,1
22430579.35069952,1530.0,77.0,2
22430556.35069952,248.82817436381612,72491.0,3
22427951.35069952,80.0,35531.0,2
22427516.35069952,1025.0,4086.0,2
22420291.35069952,814.0,20112.0,2
22419954.35069952,340.0,38088.0,2
22419604.35069952,130.0,84376.0,2
22416609.35069952,222.0,13648.0,2
22416077.35069952,831.0,17207.0,3
22415470.35069952,118.0,4927.0,2
22415433.35069952,185.82817436381612,52299.0,2
22415372.35069952,209.0,40239.0,2
22415318.35069952,76.0,48805.0,2
22331746.43978971,83.0,8203.0,2
22311517.43978971,414.0,251050.0,5
22233085.43978971,597.0,6462.0,2
22215912.43978971,1907.0,5907.0,2
22160929.43978971,226.0,8789.0,2
22106286.43978971,127.0,38680.0,2
22105407.43978971,305.0,1389.0,2
22077557.43978971,390.0,2396.0,2
22030656.43978971,76.0,23669.0,2
22001775.43978971,1483.0,21401.0,3
21988237.43978971,193.0,2164.0,2
21972234.43978971,247.0,3624.0,2
21927838.43978971,822.0,32180.0,2
21919874.43978971,104.0,4382.0,2
21889391.43978971,380.0,29017.0,2
21886652.43978971,351.0,53784.0,2
21880849.43978971,5249.0,51554.0,4
21769665.528879896,156.0,22985.0,2
21759506.43978971,120.0,14157.0,2
21745715.43978971,107.0,103594.0,2
21734704.43978971,60.0,4137.0,2
21729715.43978971,1573.0,765.0,2
21710118.43978971,1433.0,36789.0,2
21696547.43978971,293.0,97025.0,4
21687858.43978971,163.0,226889.0,3
21681491.43978971,115.0,1130.0,2
21680882.43978971,305.0,8519.0,2
21677573.43978971,139.0,42415.0,2
21675357.43978971,103.0,116548.0,2
21672997.43978971,220.0,20994.0,2
21667242.43978971,923.0,852.0,2
21659739.43978971,1078.0,195.0,2
21659173.43978971,407.8281743638161,147.0,2
21652889.43978971,224.0,14872.0,2
21651655.43978971,76.0,50628.0,2
21648995.43978971,292.0,5761.0,1
21648995.43978971,625.0,5433.0,1
21648995.43978971,431.0,5547.0,1
21648995.43978971,144.0,5547.0,1
21648995.43978971,123.8281743638161,243.0,1
21648995.43978971,40.0,2313.0,1
21648995.43978971,35.0,45257.0,1
21648995.43978971,154.0,1653.0,1
21648995.43978971,46.0,1447.0,1
21648995.43978971,42.0,1524.0,1
21648995.43978971,55.0,229.0,1
21648995.43978971,75.0,6115.0,1
21648995.43978971,74.0,244.0,1
21648995.43978971,40.0,509.0,1
21648995.43978971,1349.0,265.0,1
21648995.43978971,123.8281743638161,734.0,1
21648995.43978971,28.0,5316.0,1
21648995.43978971,123.8281743638161,267.0,1
21648995.43978971,202.0,5217.0,1
21648995.43978971,842.0,5015.0,1
21648995.43978971,44.0,958.0,1
21648995.43978971,272.0,689.0,1
21648995.43978971,150.0,4894.0,1
21648995.43978971,361.0,498.0,1
21648995.43978971,299.0,4837.0,1
21648995.43978971,149.0,4780.0,1
21648995.43978971,41.0,45143.0,1
21648995.43978971,22.0,1732.0,1
21648995.43978971,222.0,4606.0,1
21648995.43978971,67.0,6240.0,1
21648995.43978971,123.8281743638161,210.0,1
21648995.43978971,5133.0,698.0,1
21648995.43978971,69.0,76529.0,1
21648995.43978971,196.0,110.0,1
21648995.43978971,4999.0,8339.0,1
21648995.43978971,701.0,112.0,1
21648995.43978971,248.0,1558.0,1
21648995.43978971,379.0,8022.0,1
21648995.43978971,45.0,8012.0,1
21648995.43978971,915.0,522.0,1
21648995.43978971,1433.0,1606.0,1
21648995.43978971,671.0,118.0,1
21648995.43978971,52.0,124.0,1
21648995.43978971,266.0,7821.0,1
21648995.43978971,37.0,49381.0,1
21648995.43978971,53.0,7517.0,1
21648995.43978971,25.0,26375.0,1
21648995.43978971,303.0,152.0,1
21648995.43978971,285.0,7253.0,1
21648995.43978971,199.0,7250.0,1
21648995.43978971,72.0,7095.0,1
21648995.43978971,28.0,163.0,1
21648995.43978971,954.0,6919.0,1
21648995.43978971,136.0,6819.0,1
21648995.43978971,1589.0,6699.0,1
21648995.43978971,64.0,40066.0,1
21648995.43978971,464.0,26514.0,1
21648995.43978971,55.0,6576.0,1
21648995.43978971,30.0,204.0,1
21648995.43978971,205.0,685.0,1
21648995.43978971,282.0,4591.0,1
21648995.43978971,60.0,666.0,1
21648995.43978971,163.0,4535.0,1
21648995.43978971,344.0,2887.0,1
21648995.43978971,2000.0,3384.0,1
21648995.43978971,170.0,3367.0,1
21648995.43978971,330.0,3357.0,1
21648995.43978971,2369.0,448.0,1
21648995.43978971,908.0,365.0,1
21648995.43978971,179.0,1276.0,1
21648995.43978971,749.0,370.0,1
21648995.43978971,396.0,3087.0,1
21648995.43978971,25.0,1283.0,1
21648995.43978971,320.0,3028.0,1
21648995.43978971,25.0,3012.0,1
21648995.43978971,41.0,599.0,1
21648995.43978971,245.0,2907.0,1
21648995.43978971,285.0,407.0,1
21648995.43978971,62.0,44355.0,1
21648995.43978971,251.0,2354.0,1
21648995.43978971,297.0,1305.0,1
21648995.43978971,111.0,413.0,1
21648995.43978971,144.0,415.0,1
21648995.43978971,37.0,32068.0,1
21648995.43978971,455.0,2255.0,1
21648995.43978971,235.0,424.0,1
21648995.43978971,81.0,1306.0,1
21648995.43978971,123.8281743638161,592.0,1
21648995.43978971,1238.0,431.0,1
21648995.43978971,104.0,70668.0,1
21648995.43978971,429.0,432.0,1
21648995.43978971,247.0,2299.0,1
21648995.43978971,814.0,2393.0,1
21648995.43978971,40.0,434.0,1
21648995.43978971,32.0,1153.0,1
21648995.43978971,923.0,334.0,1
21648995.43978971,41.0,2173.0,1
21648995.43978971,40.0,3629.0,1
21648995.43978971,133.0,29048.0,1
21648995.43978971,247.0,4427.0,1
21648995.43978971,873.0,17774.0,1
21648995.43978971,79.0,287.0,1
21648995.43978971,38.0,1070.0,1
21648995.43978971,576.0,290.0,1
21648995.43978971,71.0,291.0,1
21648995.43978971,123.8281743638161,4222.0,1
21648995.43978971,369.0,297.0,1
21648995.43978971,163.0,4167.0,1
21648995.43978971,83.0,491.0,1
21648995.43978971,38.0,104.0,1
21648995.43978971,266.0,1102.0,1
21648995.43978971,207.0,4062.0,1
21648995.43978971,29.0,4059.0,1
21648995.43978971,209.0,299.0,1
21648995.43978971,231.0,4039.0,1
21648995.43978971,166.0,4021.0,1
21648995.43978971,301.0,300.0,1
21648995.43978971,729.0,3853.0,1
21648995.43978971,326.0,552.0,1
21648995.43978971,196.0,304.0,1
21648995.43978971,49.0,39214.0,1
21648995.43978971,41.0,34922.0,1
21648995.43978971,43.0,3747.0,1
21648995.43978971,707.0,320.0,1
21648995.43978971,695.0,1126.0,1
21648995.43978971,421.0,460.0,1
21648995.43978971,189.0,2004.0,1
21648995.43978971,345.0,4137.0,1
21648995.43978971,485.0,217.0,1
21648995.43978971,836.0,8495.0,1
21648995.43978971,47.0,40706.0,1
21648995.43978971,119.0,14026.0,1
21648995.43978971,263.0,14066.0,1
21648995.43978971,59.0,14133.0,1
21648995.43978971,123.8281743638161,14146.0,1
21648995.43978971,213.0,14210.0,1
21648995.43978971,203.0,14217.0,1
21648995.43978971,218.0,14379.0,1
21648995.43978971,123.8281743638161,34.0,1
21648995.43978971,123.8281743638161,34.0,1
21648995.43978971,124.0,14486.0,1
21648995.43978971,229.0,14957.0,1
21648995.43978971,167.0,14976.0,1
21648995.43978971,62.0,20110.0,1
21648995.43978971,152.0,54197.0,1
21648995.43978971,563.0,21.0,1
21648995.43978971,157.0,13690.0,1
21648995.43978971,264.0,40.0,1
21648995.43978971,54848.0,21.0,1
21648995.43978971,86.0,13427.0,1
21648995.43978971,100.0,12114.0,1
21648995.43978971,403.0,49.0,1
21648995.43978971,387.0,48.0,1
21648995.43978971,69.0,22066.0,1
21648995.43978971,38.0,12314.0,1
21648995.43978971,223.0,12332.0,1
21648995.43978971,330.0,46.0,1
21648995.43978971,51.0,104.0,1
21648995.43978971,474.0,12607.0,1
21648995.43978971,47.0,12663.0,1
21648995.43978971,39.0,46.0,1
21648995.43978971,24.0,12781.0,1
21648995.43978971,28.0,21902.0,1
21648995.43978971,175.0,13060.0,1
21648995.43978971,559.0,45.0,1
21648995.43978971,62.0,15152.0,1
21648995.43978971,84.0,40877.0,1
21648995.43978971,232.0,50.0,1
21648995.43978971,123.8281743638161,4.0,1
21648995.43978971,123.8281743638161,3.0,1
21648995.43978971,47.0,746.0,1
21648995.43978971,123.8281743638161,2.0,1
21648995.43978971,257.0,17051.0,1
21648995.43978971,123.8281743638161,2.0,1
21648995.43978971,698.0,2.0,1
21648995.43978971,123.8281743638161,2.0,1
21648995.43978971,115.0,17219.0,1
21648995.43978971,250.0,17329.0,1
21648995.43978971,100.0,17333.0,1
21648995.43978971,387.0,17377.0,1
21648995.43978971,78.0,17971.0,1
21648995.43978971,123.8281743638161,1.0,1
21648995.43978971,238.0,17467.0,1
21648995.43978971,100.0,732.0,1
21648995.43978971,817.0,3.0,1
21648995.43978971,183.0,18618.0,1
21648995.43978971,44.0,56217.0,1
21648995.43978971,186.0,16490.0,1
21648995.43978971,82.0,19517.0,1
21648995.43978971,171.0,15505.0,1
21648995.43978971,1152.0,12.0,1
21648995.43978971,109.0,58190.0,1
21648995.43978971,695.0,763.0,1
21648995.43978971,50.0,15928.0,1
21648995.43978971,362.0,760.0,1
21648995.43978971,58.0,19350.0,1
21648995.43978971,123.8281743638161,9.0,1
21648995.43978971,123.8281743638161,8.0,1
21648995.43978971,643.0,7.0,1
21648995.43978971,123.8281743638161,7.0,1
21648995.43978971,27.0,19247.0,1
21648995.43978971,245.0,6.0,1
21648995.43978971,123.8281743638161,4.0,1
21648995.43978971,76.0,91739.0,1
21648995.43978971,37.0,78381.0,1
21648995.43978971,47.0,22366.0,1
21648995.43978971,2382.0,817.0,1
21648995.43978971,442.0,10384.0,1
21648995.43978971,59.0,78953.0,1
21648995.43978971,182.0,51389.0,1
21648995.43978971,267.0,71.0,1
21648995.43978971,2768.0,811.0,1
21648995.43978971,241.0,10203.0,1
21648995.43978971,66.0,23942.0,1
21648995.43978971,64.0,73.0,1
21648995.43978971,47.0,74.0,1
21648995.43978971,236.0,75.0,1
21648995.43978971,26.0,76.0,1
21648995.43978971,358.0,77.0,1
21648995.43978971,240.0,81.0,1
21648995.43978971,38.0,9546.0,1
21648995.43978971,160.0,10440.0,1
21648995.43978971,118.0,83.0,1
21648995.43978971,19.0,83.0,1
21648995.43978971,181.0,85.0,1
21648995.43978971,123.8281743638161,88.0,1
21648995.43978971,147.0,9213.0,1
21648995.43978971,39.0,91.0,1
21648995.43978971,955.0,9090.0,1
21648995.43978971,341.0,8901.0,1
21648995.43978971,162.0,8895.0,1
21648995.43978971,105.0,8860.0,1
21648995.43978971,41.0,40242.0,1
21648995.43978971,163.0,8756.0,1
21648995.43978971,454.0,103.0,1
21648995.43978971,158.0,10408.0,1
21648995.43978971,123.8281743638161,73.0,1
21648995.43978971,19.0,63.0,1
21648995.43978971,34.0,798.0,1
21648995.43978971,113.0,23164.0,1
21648995.43978971,48.0,23106.0,1
21648995.43978971,45.0,11359.0,1
21648995.43978971,872.0,787.0,1
21648995.43978971,36.0,61.0,1
21648995.43978971,15.0,60.0,1
21648995.43978971,123.8281743638161,22803.0,1
21648995.43978971,22.0,63.0,1
21648995.43978971,169.0,11848.0,1
21648995.43978971,33.0,57.0,1
21648995.43978971,219.0,56.0,1
21648995.43978971,123.8281743638161,64.0,1
21648995.43978971,83.0,10757.0,1
21648995.43978971,247.0,10685.0,1
21648995.43978971,185.0,10639.0,1
21648995.43978971,56.0,23612.0,1
21648995.43978971,558.0,65.0,1
21648995.43978971,226.0,11940.0,1
21648995.43978971,57.0,705.0,1
21648995.43978971,248.0,51.0,1
20959885.528879896,6309.0,19155.0,3
20929998.528879896,776.0,2644.0,1
20921281.528879896,169.0,92.0,1
20913570.528879896,455.0,264.0,1
20898626.528879896,191.0,15073.0,1
20894009.528879896,295.0,634.0,1
20892686.528879896,323.0,510.0,1
20888302.528879896,242.0,42952.0,1
20887840.528879896,681.0,4236.0,1
20887544.528879896,25.0,14.0,1
20887450.528879896,263.0,153.0,1
20887436.528879896,78.0,30570.0,2
20887207.528879896,487.0,86.0,1
20886356.528879896,1068.0,2653.0,1
20885931.528879896,62.0,897.0,1
20885180.528879896,890.0,8937.0,1
20885070.528879896,22.0,7423.0,1
20884311.528879896,38.0,156.0,1
20884035.528879896,201.0,46.0,1
20136937.910909813,1080.0,605.0,2
19244383.0,232.0,23819.0,1
18582888.0,258.02811645035536,199.0,2
17763393.0,224.0,27.0,1
16637726.0,933.0,28997.0,3
16526304.0,79.0,10480.0,1
15972932.0,56.0,1880.0,1
15770126.0,87.0,951.0,1
15456773.0,722.0,19442.0,1
15330021.910909813,974.0,459.0,1
14692316.0,415.0,9447.0,1
14389966.910909813,1337.0,15867.0,3
14164528.0,262.0,4352.0,1
13328842.0,224.0,47672.0,3
12957191.0,93.0,66.0,1
12564294.0,112.0,305.0,1
12125384.0,117.0,38702.0,1
11778155.0,468.0,5312.0,2
11247151.0,307.0,10096.0,1
11043165.0,212.0,16400.0,1
10907930.0,90.0,84337.0,2
10743168.0,147.0,28795.0,2
10642878.0,24.0,1916.0,1
10233755.0,51.0,360.0,1
10005184.0,138.19994208653924,0.0,1
9957373.910909813,200.0,150052.0,2
9796353.910909813,215.0,63684.0,3
9674105.0,40.0,602.0,1
9541170.0,48.0,4548.0,1
9347484.0,561.0,2532.0,1
8654773.0,64.0,31841.0,1
8622097.0,59.0,8998.0,1
7940694.0,191.0,5121.0,1
7561564.0,123.8281743638161,412.0,1
7476388.0,152.0,31133.0,2
7322645.0,165.0,360.0,1
7165125.0,65.0,123044.0,2
7148281.0,186.0,2633.0,1
7000817.0,197.0,15853.0,1
6961080.0,37.0,1581.0,1
6707015.0,41.0,1647.0,1
6702452.0,123.8281743638161,0.0,1
6689746.0,1926.0,1204.0,2
6549358.910909813,214.0,477.0,2
6374715.0,164.0,4149.0,1
6335769.0,249.0,620.0,1
6330772.0,360.0,3446.0,2
6041985.0,29.0,323.0,1
5778056.0,123.8281743638161,3.0,1
5679972.910909813,500.0,199.0,1
5644839.0,86.0,15934.0,1
5614950.910909813,208.0,256841.0,3
5591127.0,45.0,72665.0,1
5232743.0,98.0,57118.0,2
5155521.0,46.0,737.0,1
4875814.821819626,706.0,82.0,3
4863606.0,70.0,544.0,2
4774847.0,331.0,79653.0,3
4718456.0,100.0,1018.0,1
4410406.0,29.0,45669.0,1
4384879.910909813,496.0,2868.0,2
4372346.0,79.0,698.0,1
4353464.0,50.0,73459.0,1
4155720.0,281.0,11461.0,1
4138487.0,133.0,61956.0,1
4133892.0,123.8281743638161,888.0,1
4108661.0,721.0,821.0,1
4104614.0,194.0,780.0,1
4083909.0,50.0,35856.0,1
4021617.0,292.0,896.0,1
3925546.0,83.0,41427.0,2
3616938.0,295.0,54.0,1
3589664.0,958.0,519.0,1
3578422.0,87.0,28411.0,1
3561285.0,27.0,30101.0,1
3423540.0,201.0,10277.0,1
3398846.821819626,567.0,139810.0,3
3370376.910909813,326.0,497.0,2
3336726.0,87.0,21492.0,1
3241506.0,247.0,473.0,1
3056188.0,392.0,19672.0,1
2896489.0,1222.0,4496.0,1
2851435.0,157.0,934.0,1
2805374.821819626,855.0,3055.0,3
2802922.0,32.0,38904.0,1
2714581.0,250.0,807.0,1
2671596.0,9274.0,92.0,1
2657569.0,46.0,30424.0,1
2590286.0,591.0,17803.0,2
2515458.0,63.0,491.0,1
2471681.0,200.0,30457.0,2
2445118.0,31.0,10591.0,1
2325497.0,39.0,119.0,1
2258014.0,28.0,73.0,1
2256890.0,140.0,25556.0,2
2229892.821819626,361.0,233887.0,4
2215691.910909813,1162.0,1582.0,1
2134638.0,310.8281743638161,24311.0,2
2031809.8218196258,395.0,5374.0,2
2029255.0,55.0,26780.0,1
2010261.0,69.0,32023.0,1
1930775.0,164.0,74228.0,2
1903982.910909813,37.0,1409.0,1
1900367.821819626,811.0,96.0,2
1890851.0,123.8281743638161,37.0,1
1887096.0,692.0,1247.0,1
1876068.910909813,1078.0,368.0,1
1867930.0,1056.0,11686.0,1
1846084.0,2453.0,1676.0,1
1836950.0,76.0,25424.0,1
1819825.0,30.0,14.0,1
1775559.0,31.0,132.0,1
1751142.910909813,623.0,7114.0,2
1751018.910909813,335.0,33998.0,2
1711209.910909813,41.0,621.0,1
1620209.821819626,197.0,26255.0,2
1612352.821819626,1484.0,46790.0,2
1609214.910909813,209.0,16017.0,2
1566607.821819626,305.0,20850.0,2
1564875.821819626,1543.0,14466.0,2
1559264.910909813,40.0,63512.0,1
1538400.821819626,247.0,88143.0,2
1537898.0,223.0,5.0,1
1494880.0,152.0,22.0,1
1440141.0,256.0,26.0,1
1438090.0,55.0,17202.0,1
1416501.0,306.0,607.0,1
1364908.0,64.0,12769.0,1
1358685.0,25.0,47661.0,1
1300879.0,37.0,42597.0,1
1274617.910909813,318.0,53.0,1
1228750.0,504.0,1788.0,1
1204379.0,849.0,5432.0,1
1200220.0,1778.0,4234.0,1
1169093.0,1906.0,4236.0,1
1158205.0,190.0,5638.0,1
1142562.910909813,116.0,78134.0,2
1140445.0,37.0,62989.0,1
1135005.0,100.0,71569.0,2
1107773.0,176.0,746.0,1
1098409.0,222.0,382.0,1
1096580.0,470.0,549.0,1
1094804.0,351.0,38.0,1
1081236.0,31.0,29.0,1
1038137.910909813,645.0,43388.0,3
1037929.0,449.0,8452.0,1
1001325.910909813,78.0,15305.0,2
974935.0,3092.0,7.0,1
954350.0,3326.0,3960.0,3
915129.910909813,74.0,44366.0,1
905240.910909813,426.0,3616.0,1
901441.0,232.0,16426.0,2
897462.910909813,567.8281743638161,581.0,3
863069.0,308.0,27883.0,2
849959.0,39.0,500.0,1
849564.910909813,197.0,15539.0,1
849369.910909813,390.0,105.0,1
849227.0,43.0,47493.0,1
827151.0,1198.0,904.0,2
821885.0,52.0,57.0,1
812456.910909813,123.8281743638161,497.0,1
810088.910909813,423.0,7926.0,1
809295.910909813,317.0,1737.0,1
806998.0,60.0,30067.0,1
799005.0,247.6563487276322,7.0,2
786336.910909813,172.0,9779.0,1
784840.910909813,49.0,8639.0,1
784263.910909813,45.0,15544.0,1
781394.910909813,120.0,268.0,1
781004.910909813,56.0,1045.0,1
781004.910909813,116.0,12952.0,1
779766.910909813,42.0,23510.0,1
779223.910909813,815.0,695.0,1
777346.910909813,285.0,15172.0,1
774826.910909813,67.0,960.0,2
773124.910909813,64.0,7873.0,1
772140.910909813,732.0,247.0,1
772117.910909813,219.0,427.0,1
771768.910909813,45.0,29089.0,1
770824.910909813,95.0,268.0,1
770464.910909813,171.0,351.0,1
770128.910909813,228.0,11181.0,1
769008.910909813,58.0,56918.0,1
768012.910909813,38.0,32031.0,1
767804.910909813,254.0,12090.0,1
767804.910909813,605.0,9388.0,1
767780.910909813,216.0,506.0,1
767720.910909813,46.0,1141.0,1
767606.910909813,149.0,6789.0,1
767531.910909813,838.0,692.0,1
767529.910909813,257.0,65281.0,1
767056.910909813,99.0,76108.0,1
766603.910909813,316.0,9719.0,1
766521.910909813,271.0,77.0,1
766301.910909813,123.8281743638161,3.0,1
766189.910909813,119.0,17474.0,1
766032.910909813,135.0,44.0,1
765687.910909813,363.0,603.0,1
765466.910909813,42.0,34565.0,1
765220.910909813,209.0,242.0,1
765197.910909813,46.0,26420.0,1
765189.910909813,368.0,23.0,1
765182.910909813,249.0,779.0,1
757278.0,123.8281743638161,20.0,1
756886.0,154.0,129450.0,3
752085.0,41.0,2813.0,1
739025.0,53.0,100135.0,1
728462.0,52.0,18998.0,1
719752.0,40.0,20254.0,1
706946.0,127.0,16960.0,1
693801.0,249.0,113.0,1
671030.0,276.0,11862.0,1
640789.0,41.0,2357.0,1
594152.0,149.0,30748.0,1
563897.0,55.0,12403.0,1
551153.0,35.0,50950.0,1
510828.0,796.0,44.0,1
507222.0,95.0,25751.0,1
501795.0,287.0,390.0,1
465038.0,232.0,10317.0,1
455497.0,56.0,17427.0,1
440564.0,56.0,26431.0,1
429792.0,31.0,16100.0,1
418227.0,571.0,16783.0,1
409820.0,221.0,6966.0,1
399406.0,92.0,11946.0,2
387544.0,104.0,24420.0,1
387452.0,42.0,5229.0,1
374022.0,153.0,1937.0,2
373793.0,264.0,39001.0,1
334576.0,198.0,7259.0,1
332514.0,207.0,10932.0,1
331347.0,123.8281743638161,3.0,1
304783.0,1464.0,551.0,1
294811.0,373.0,387.0,1
288359.0,72.0,67824.0,1
282775.0,247.0,1163.0,1
280186.0,198.0,5431.0,1
275675.0,591.0,4331.0,1
249965.0,363.0,4760.0,1
247530.0,149.0,35826.0,1
246259.0,241.0,46294.0,2
219400.0,531.0,9868.0,1
199370.0,297.0,520.0,1
172661.0,134.0,15069.0,1
162050.0,516.0,10151.0,1
141712.0,665.0,498.0,1
138877.0,46.0,49835.0,1
136740.0,123.8281743638161,5.0,1
136209.0,46.0,10538.0,1
132912.0,408.0,587.0,1
131091.0,49.0,35636.0,1
130403.0,258.0,6698.0,1
125685.0,63.0,505.0,1
125112.0,123.8281743638161,3.0,1
124391.0,127.0,72404.0,2
117953.0,749.0,6963.0,2
117092.0,123.8281743638161,3.0,1
110804.0,456.0,487.0,1
107122.0,174.0,16880.0,1
104555.0,893.0,1297.0,1
102183.0,244.0,303.0,1
96432.0,247.0,3801.0,1
90362.0,193.0,3623.0,1
88615.0,72.0,18274.0,1
88453.0,32.0,148.0,1
86455.0,24.0,3735.0,1
85157.0,121.0,8636.0,1
82613.0,592.0,28.0,1
82534.0,43.0,8.0,1
82464.0,358.0,24.0,1
79748.0,182.0,392.0,1
72799.0,566.0,46687.0,2
71947.0,141.0,480.0,1
67021.0,60.0,11688.0,1
65181.0,181.0,4.0,1
64657.0,546.0,9748.0,1
63354.0,81.0,19874.0,1
60183.0,2640.0,346.0,1
57206.0,98.0,16030.0,1
49670.0,81.0,21682.0,1
45028.0,143.0,22107.0,1
43603.0,40.0,11914.0,1
42440.0,65.0,22623.0,1
40679.0,77.0,31362.0,1
34871.0,82.0,28344.0,1
34393.0,40.0,22173.0,1
34181.0,23.0,49.0,1
33280.0,37.0,483.0,1
33050.0,41.0,16046.0,1
31623.0,2177.0,15650.0,2
29405.0,146.0,585.0,1
28574.0,33.0,6398.0,1
28288.0,62.0,69964.0,1
28166.0,297.0,9378.0,1
27127.0,373.0,7.0,1
25923.0,123.8281743638161,4.0,1
22562.0,74.0,10328.0,1
22320.0,162.0,18540.0,1
21354.0,60.0,16897.0,1
19653.0,39.0,13562.0,1
19211.0,147.0,84.0,1
16957.0,175.0,15675.0,1
16134.0,178.0,9526.0,1
15305.0,390.0,1710.0,1
13265.0,1302.0,6096.0,1
13232.0,56.0,1081.0,1
13127.0,30.0,2397.0,1
11923.0,51.0,24694.0,1
10944.0,183.0,3507.0,1
8109.0,160.0,9253.0,1
7623.0,62.0,24575.0,1
6730.0,52.0,83.0,1
6602.0,43.0,1360.0,1
6554.0,39.0,67383.0,1
6287.0,311.0,11.0,1
6197.0,42.0,1738.0,1
5983.0,119.0,32839.0,1
5972.0,207.0,64256.0,1
5416.0,238.0,47.0,1
5394.0,393.0,19.0,1
4718.0,214.0,9231.0,1
3302.0,43.0,39625.0,1
3127.0,79.0,48.0,1
2894.0,514.0,13430.0,1
2758.0,58.0,39558.0,1
2622.0,43.0,69468.0,1
2611.0,33.0,310.0,1
2244.0,160.0,2891.0,1
2160.0,299.0,8.0,1
2012.0,819.0,164.0,1
1734.0,43.0,511.0,1
1438.0,143.0,21256.0,1
1179.0,1305.0,168.0,1
1055.0,107.19994208653924,5.0,1
466.0,147.0,105211.0,1
